<XOM-imie-k>
    <imie>Zuzanna</imie>
    <imie>Julia</imie>
    <imie>Zofia</imie>
    <imie>Maja</imie>
    <imie>Hanna</imie>
    <imie>Lena</imie>
    <imie>Alicja</imie>
    <imie>Maria</imie>
    <imie>Oliwia</imie>
    <imie>Amelia</imie>
    <imie>Wiktoria</imie>
    <imie>Aleksandra</imie>
    <imie>Antonina</imie>
    <imie>Laura</imie>
    <imie>Emilia</imie>
    <imie>Pola</imie>
    <imie>Marcelina</imie>
    <imie>Natalia</imie>
    <imie>Liliana</imie>
    <imie>Iga</imie>
    <imie>Helena</imie>
    <imie>Michalina</imie>
    <imie>Gabriela</imie>
    <imie>Anna</imie>
    <imie>Nadia</imie>
    <imie>Klara</imie>
    <imie>Kornelia</imie>
    <imie>Milena</imie>
    <imie>Jagoda</imie>
    <imie>Łucja</imie>
    <imie>Martyna</imie>
    <imie>Nikola</imie>
    <imie>Nela</imie>
    <imie>Kaja</imie>
    <imie>Blanka</imie>
    <imie>Barbara</imie>
    <imie>Weronika</imie>
    <imie>Anastazja</imie>
    <imie>Nina</imie>
    <imie>Karolina</imie>
    <imie>Agata</imie>
    <imie>Lilianna</imie>
    <imie>Magdalena</imie>
    <imie>Matylda</imie>
    <imie>Kinga</imie>
    <imie>Aniela</imie>
    <imie>Sara</imie>
    <imie>Mia</imie>
    <imie>Róża</imie>
    <imie>Kalina</imie>
    <imie>Izabela</imie>
    <imie>Małgorzata</imie>
    <imie>Joanna</imie>
    <imie>Paulina</imie>
    <imie>Eliza</imie>
    <imie>Adrianna</imie>
    <imie>Rozalia</imie>
    <imie>Katarzyna</imie>
    <imie>Marianna</imie>
    <imie>Ewa</imie>
    <imie>Marta</imie>
    <imie>Melania</imie>
    <imie>Urszula</imie>
    <imie>Lidia</imie>
    <imie>Dominika</imie>
    <imie>Aurelia</imie>
    <imie>Liwia</imie>
    <imie>Patrycja</imie>
    <imie>Klaudia</imie>
    <imie>Malwina</imie>
    <imie>Bianka</imie>
    <imie>Olga</imie>
    <imie>Gaja</imie>
    <imie>Zoja</imie>
    <imie>Daria</imie>
    <imie>Dorota</imie>
    <imie>Kamila</imie>
    <imie>Jagna</imie>
    <imie>Apolonia</imie>
    <imie>Wanda</imie>
    <imie>Ida</imie>
    <imie>Marika</imie>
    <imie>Diana</imie>
    <imie>Elena</imie>
    <imie>Ada</imie>
    <imie>Dagmara</imie>
    <imie>Olivia</imie>
    <imie>Rita</imie>
    <imie>Roksana</imie>
    <imie>Stefania</imie>
    <imie>Agnieszka</imie>
    <imie>Inga</imie>
    <imie>Sandra</imie>
    <imie>Lilia</imie>
    <imie>Jadwiga</imie>
    <imie>Lea</imie>
    <imie>Emma</imie>
    <imie>Luiza</imie>
    <imie>Sofia</imie>
    <imie>Jowita</imie>
    <imie>Julita</imie>
    <imie>Monika</imie>
    <imie>Nel</imie>
    <imie>Justyna</imie>
    <imie>Marlena</imie>
    <imie>Janina</imie>
    <imie>Natasza</imie>
    <imie>Elżbieta</imie>
    <imie>Karina</imie>
    <imie>Adela</imie>
    <imie>Lara</imie>
    <imie>Celina</imie>
    <imie>Lila</imie>
    <imie>Tola</imie>
    <imie>Jaśmina</imie>
    <imie>Sonia</imie>
    <imie>Victoria</imie>
    <imie>Alina</imie>
    <imie>Ewelina</imie>
    <imie>Felicja</imie>
    <imie>Anita</imie>
    <imie>Izabella</imie>
    <imie>Krystyna</imie>
    <imie>Julianna</imie>
    <imie>Judyta</imie>
    <imie>Estera</imie>
    <imie>Vanessa</imie>
    <imie>Noemi</imie>
    <imie>Konstancja</imie>
    <imie>Maya</imie>
    <imie>Faustyna</imie>
    <imie>Nicola</imie>
    <imie>Sabina</imie>
    <imie>Otylia</imie>
    <imie>Paula</imie>
    <imie>Mila</imie>
    <imie>Antonia</imie>
    <imie>Irena</imie>
    <imie>Livia</imie>
    <imie>Florentyna</imie>
    <imie>Adriana</imie>
    <imie>Inka</imie>
    <imie>Oktawia</imie>
    <imie>Gloria</imie>
    <imie>Ines</imie>
    <imie>Teresa</imie>
    <imie>Franciszka</imie>
    <imie>Amanda</imie>
    <imie>Malina</imie>
    <imie>Tamara</imie>
    <imie>Sylwia</imie>
    <imie>Ola</imie>
    <imie>Lucyna</imie>
    <imie>Klementyna</imie>
    <imie>Edyta</imie>
    <imie>Emily</imie>
    <imie>Viktoria</imie>
    <imie>Nicole</imie>
    <imie>Ariana</imie>
    <imie>Magda</imie>
    <imie>Sophia</imie>
    <imie>Milana</imie>
    <imie>Honorata</imie>
    <imie>Danuta</imie>
    <imie>Tatiana</imie>
    <imie>Jessica</imie>
    <imie>Jana</imie>
    <imie>Mira</imie>
    <imie>Kira</imie>
    <imie>Samanta</imie>
    <imie>Roma</imie>
    <imie>Aneta</imie>
    <imie>Letycja</imie>
    <imie>Aurora</imie>
    <imie>Józefina</imie>
    <imie>Miriam</imie>
    <imie>Beata</imie>
    <imie>Halina</imie>
    <imie>Naomi</imie>
    <imie>Angelika</imie>
    <imie>Irmina</imie>
    <imie>Polina</imie>
    <imie>Stella</imie>
    <imie>Marcjanna</imie>
    <imie>Dobrawa</imie>
    <imie>Sophie</imie>
    <imie>Carmen</imie>
    <imie>Alisa</imie>
    <imie>Melisa</imie>
    <imie>Olimpia</imie>
    <imie>Nelia</imie>
    <imie>Zoe</imie>
    <imie>Cecylia</imie>
    <imie>Ilona</imie>
    <imie>Nella</imie>
    <imie>Larysa</imie>
    <imie>Hana</imie>
    <imie>Dalia</imie>
    <imie>Wanessa</imie>
    <imie>Andżelika</imie>
    <imie>Anastasia</imie>
    <imie>Marina</imie>
    <imie>Bogna</imie>
    <imie>Melissa</imie>
    <imie>Wioletta</imie>
    <imie>Marcela</imie>
    <imie>Iwona</imie>
    <imie>Idalia</imie>
    <imie>Lia</imie>
    <imie>Sofija</imie>
    <imie>Abigail</imie>
    <imie>Lily</imie>
    <imie>Eva</imie>
    <imie>Lilly</imie>
    <imie>Jolanta</imie>
    <imie>Luna</imie>
    <imie>Ksenia</imie>
    <imie>Marietta</imie>
    <imie>Zlata</imie>
    <imie>Leila</imie>
    <imie>Lilla</imie>
    <imie>Sofiia</imie>
    <imie>Hiacynta</imie>
    <imie>Bianca</imie>
    <imie>Bogumiła</imie>
    <imie>Laila</imie>
    <imie>Inez</imie>
    <imie>Greta</imie>
    <imie>Nastia</imie>
    <imie>Jasmina</imie>
    <imie>Nikol</imie>
    <imie>Maryla</imie>
    <imie>Anika</imie>
    <imie>Selena</imie>
    <imie>Lili</imie>
    <imie>Waleria</imie>
    <imie>Eleonora</imie>
    <imie>Gabriella</imie>
    <imie>Berenika</imie>
    <imie>Alexandra</imie>
    <imie>Veronika</imie>
    <imie>Halszka</imie>
    <imie>Sarah</imie>
    <imie>Clara</imie>
    <imie>Alice</imie>
    <imie>Marzena</imie>
    <imie>Daniela</imie>
    <imie>Ina</imie>
    <imie>Mirella</imie>
    <imie>Arina</imie>
    <imie>Nika</imie>
    <imie>Hannah</imie>
    <imie>Layla</imie>
    <imie>Zoya</imie>
    <imie>Adelina</imie>
    <imie>Leyla</imie>
    <imie>Iza</imie>
    <imie>Kaya</imie>
    <imie>Zuza</imie>
    <imie>Gaia</imie>
    <imie>Isabella</imie>
    <imie>Michelle</imie>
    <imie>Stanisława</imie>
    <imie>Dobrosława</imie>
    <imie>Ella</imie>
    <imie>Flora</imie>
    <imie>Ofelia</imie>
    <imie>Vivien</imie>
    <imie>Mija</imie>
    <imie>Noelia</imie>
    <imie>Wanesa</imie>
    <imie>Elisa</imie>
    <imie>Miłosława</imie>
    <imie>Nelly</imie>
    <imie>Chloe</imie>
    <imie>Linda</imie>
    <imie>Leokadia</imie>
    <imie>Dobromiła</imie>
    <imie>Lukrecja</imie>
    <imie>Nell</imie>
    <imie>Charlotte</imie>
    <imie>Zosia</imie>
    <imie>Dagna</imie>
    <imie>Bożena</imie>
    <imie>Astrid</imie>
    <imie>Natalie</imie>
    <imie>Nadzieja</imie>
    <imie>Balbina</imie>
    <imie>Amina</imie>
    <imie>Amira</imie>
    <imie>Ludwika</imie>
    <imie>Arianna</imie>
    <imie>Sabrina</imie>
    <imie>Ludmiła</imie>
    <imie>Jasmine</imie>
    <imie>Emiliia</imie>
    <imie>Arleta</imie>
    <imie>Lucy</imie>
    <imie>Pamela</imie>
    <imie>Mirosława</imie>
</XOM-imie-k>