<XOM-nazwisko-m>
    <nazwisko>Nowak</nazwisko>
    <nazwisko>Kowalski</nazwisko>
    <nazwisko>Wiśniewski</nazwisko>
    <nazwisko>Wójcik</nazwisko>
    <nazwisko>Kowalczyk</nazwisko>
    <nazwisko>Kamiński</nazwisko>
    <nazwisko>Lewandowski</nazwisko>
    <nazwisko>Dąbrowski</nazwisko>
    <nazwisko>Zieliński</nazwisko>
    <nazwisko>Szymański</nazwisko>
    <nazwisko>Woźniak</nazwisko>
    <nazwisko>Kozłowski</nazwisko>
    <nazwisko>Jankowski</nazwisko>
    <nazwisko>Mazur</nazwisko>
    <nazwisko>Wojciechowski</nazwisko>
    <nazwisko>Kwiatkowski</nazwisko>
    <nazwisko>Krawczyk</nazwisko>
    <nazwisko>Kaczmarek</nazwisko>
    <nazwisko>Piotrowski</nazwisko>
    <nazwisko>Grabowski</nazwisko>
    <nazwisko>Zając</nazwisko>
    <nazwisko>Pawłowski</nazwisko>
    <nazwisko>Michalski</nazwisko>
    <nazwisko>Król</nazwisko>
    <nazwisko>Nowakowski</nazwisko>
    <nazwisko>Wieczorek</nazwisko>
    <nazwisko>Wróbel</nazwisko>
    <nazwisko>Jabłoński</nazwisko>
    <nazwisko>Adamczyk</nazwisko>
    <nazwisko>Dudek</nazwisko>
    <nazwisko>Majewski</nazwisko>
    <nazwisko>Nowicki</nazwisko>
    <nazwisko>Olszewski</nazwisko>
    <nazwisko>Stępień</nazwisko>
    <nazwisko>Jaworski</nazwisko>
    <nazwisko>Malinowski</nazwisko>
    <nazwisko>Pawlak</nazwisko>
    <nazwisko>Górski</nazwisko>
    <nazwisko>Witkowski</nazwisko>
    <nazwisko>Sikora</nazwisko>
    <nazwisko>Walczak</nazwisko>
    <nazwisko>Rutkowski</nazwisko>
    <nazwisko>Baran</nazwisko>
    <nazwisko>Michalak</nazwisko>
    <nazwisko>Szewczyk</nazwisko>
    <nazwisko>Ostrowski</nazwisko>
    <nazwisko>Tomaszewski</nazwisko>
    <nazwisko>Pietrzak</nazwisko>
    <nazwisko>Zalewski</nazwisko>
    <nazwisko>Duda</nazwisko>
    <nazwisko>Wróblewski</nazwisko>
    <nazwisko>Jasiński</nazwisko>
    <nazwisko>Marciniak</nazwisko>
    <nazwisko>Zawadzki</nazwisko>
    <nazwisko>Sadowski</nazwisko>
    <nazwisko>Bąk</nazwisko>
    <nazwisko>Jakubowski</nazwisko>
    <nazwisko>Wilk</nazwisko>
    <nazwisko>Chmielewski</nazwisko>
    <nazwisko>Włodarczyk</nazwisko>
    <nazwisko>Borkowski</nazwisko>
    <nazwisko>Sokołowski</nazwisko>
    <nazwisko>Szczepański</nazwisko>
    <nazwisko>Sawicki</nazwisko>
    <nazwisko>Lis</nazwisko>
    <nazwisko>Kucharski</nazwisko>
    <nazwisko>Mazurek</nazwisko>
    <nazwisko>Kubiak</nazwisko>
    <nazwisko>Kalinowski</nazwisko>
    <nazwisko>Wysocki</nazwisko>
    <nazwisko>Maciejewski</nazwisko>
    <nazwisko>Czarnecki</nazwisko>
    <nazwisko>Kołodziej</nazwisko>
    <nazwisko>Kaźmierczak</nazwisko>
    <nazwisko>Urbański</nazwisko>
    <nazwisko>Sobczak</nazwisko>
    <nazwisko>Konieczny</nazwisko>
    <nazwisko>Głowacki</nazwisko>
    <nazwisko>Wasilewski</nazwisko>
    <nazwisko>Krupa</nazwisko>
    <nazwisko>Zakrzewski</nazwisko>
    <nazwisko>Krajewski</nazwisko>
    <nazwisko>Adamski</nazwisko>
    <nazwisko>Sikorski</nazwisko>
    <nazwisko>Mróz</nazwisko>
    <nazwisko>Laskowski</nazwisko>
    <nazwisko>Ziółkowski</nazwisko>
    <nazwisko>Gajewski</nazwisko>
    <nazwisko>Szulc</nazwisko>
    <nazwisko>Makowski</nazwisko>
    <nazwisko>Baranowski</nazwisko>
    <nazwisko>Szymczak</nazwisko>
    <nazwisko>Czerwiński</nazwisko>
    <nazwisko>Brzeziński</nazwisko>
    <nazwisko>Kaczmarczyk</nazwisko>
    <nazwisko>Przybylski</nazwisko>
    <nazwisko>Błaszczyk</nazwisko>
    <nazwisko>Andrzejewski</nazwisko>
    <nazwisko>Cieślak</nazwisko>
    <nazwisko>Borowski</nazwisko>
    <nazwisko>Kania</nazwisko>
    <nazwisko>Chojnacki</nazwisko>
    <nazwisko>Górecki</nazwisko>
    <nazwisko>Janik</nazwisko>
    <nazwisko>Szczepaniak</nazwisko>
    <nazwisko>Kozak</nazwisko>
    <nazwisko>Lipiński</nazwisko>
    <nazwisko>Leszczyński</nazwisko>
    <nazwisko>Mucha</nazwisko>
    <nazwisko>Kozioł</nazwisko>
    <nazwisko>Wesołowski</nazwisko>
    <nazwisko>Kowalewski</nazwisko>
    <nazwisko>Mikołajczyk</nazwisko>
    <nazwisko>Nowacki</nazwisko>
    <nazwisko>Domański</nazwisko>
    <nazwisko>Ciesielski</nazwisko>
    <nazwisko>Jarosz</nazwisko>
    <nazwisko>Musiał</nazwisko>
    <nazwisko>Kowalik</nazwisko>
    <nazwisko>Zięba</nazwisko>
    <nazwisko>Kołodziejczyk</nazwisko>
    <nazwisko>Markowski</nazwisko>
    <nazwisko>Kopeć</nazwisko>
    <nazwisko>Brzozowski</nazwisko>
    <nazwisko>Kurek</nazwisko>
    <nazwisko>Piątek</nazwisko>
    <nazwisko>Żak</nazwisko>
    <nazwisko>Orłowski</nazwisko>
    <nazwisko>Tomczyk</nazwisko>
    <nazwisko>Pawlik</nazwisko>
    <nazwisko>Tomczak</nazwisko>
    <nazwisko>Urbaniak</nazwisko>
    <nazwisko>Wawrzyniak</nazwisko>
    <nazwisko>Kot</nazwisko>
    <nazwisko>Markiewicz</nazwisko>
    <nazwisko>Wójtowicz</nazwisko>
    <nazwisko>Wolski</nazwisko>
    <nazwisko>Czajkowski</nazwisko>
    <nazwisko>Polak</nazwisko>
    <nazwisko>Kruk</nazwisko>
    <nazwisko>Stasiak</nazwisko>
    <nazwisko>Nawrocki</nazwisko>
    <nazwisko>Sowa</nazwisko>
    <nazwisko>Stankiewicz</nazwisko>
    <nazwisko>Łuczak</nazwisko>
    <nazwisko>Jastrzębski</nazwisko>
    <nazwisko>Karpiński</nazwisko>
    <nazwisko>Dziedzic</nazwisko>
    <nazwisko>Wierzbicki</nazwisko>
    <nazwisko>Piasecki</nazwisko>
    <nazwisko>Gajda</nazwisko>
    <nazwisko>Klimek</nazwisko>
    <nazwisko>Bednarek</nazwisko>
    <nazwisko>Stefański</nazwisko>
    <nazwisko>Janicki</nazwisko>
    <nazwisko>Urban</nazwisko>
    <nazwisko>Jóźwiak</nazwisko>
    <nazwisko>Bielecki</nazwisko>
    <nazwisko>Domagała</nazwisko>
    <nazwisko>Sosnowski</nazwisko>
    <nazwisko>Majchrzak</nazwisko>
    <nazwisko>Madej</nazwisko>
    <nazwisko>Maj</nazwisko>
    <nazwisko>Milewski</nazwisko>
    <nazwisko>Dobrowolski</nazwisko>
    <nazwisko>Małecki</nazwisko>
    <nazwisko>Kowal</nazwisko>
    <nazwisko>Skiba</nazwisko>
    <nazwisko>Leśniak</nazwisko>
    <nazwisko>Śliwiński</nazwisko>
    <nazwisko>Socha</nazwisko>
    <nazwisko>Marek</nazwisko>
    <nazwisko>Bednarczyk</nazwisko>
    <nazwisko>Wrona</nazwisko>
    <nazwisko>Kasprzak</nazwisko>
    <nazwisko>Matuszewski</nazwisko>
    <nazwisko>Pająk</nazwisko>
    <nazwisko>Olejniczak</nazwisko>
    <nazwisko>Wilczyński</nazwisko>
    <nazwisko>Ratajczak</nazwisko>
    <nazwisko>Romanowski</nazwisko>
    <nazwisko>Świątek</nazwisko>
    <nazwisko>Michalik</nazwisko>
    <nazwisko>Owczarek</nazwisko>
    <nazwisko>Kurowski</nazwisko>
    <nazwisko>Grzelak</nazwisko>
    <nazwisko>Orzechowski</nazwisko>
    <nazwisko>Olejnik</nazwisko>
    <nazwisko>Łukasik</nazwisko>
    <nazwisko>Mazurkiewicz</nazwisko>
    <nazwisko>Sobolewski</nazwisko>
    <nazwisko>Rogowski</nazwisko>
    <nazwisko>Bukowski</nazwisko>
    <nazwisko>Sroka</nazwisko>
    <nazwisko>Matusiak</nazwisko>
    <nazwisko>Kędzierski</nazwisko>
    <nazwisko>Barański</nazwisko>
    <nazwisko>Kosiński</nazwisko>
    <nazwisko>Czajka</nazwisko>
    <nazwisko>Kozieł</nazwisko>
    <nazwisko>Sobczyk</nazwisko>
    <nazwisko>Marcinkowski</nazwisko>
    <nazwisko>Skowroński</nazwisko>
    <nazwisko>Marszałek</nazwisko>
    <nazwisko>Rybak</nazwisko>
    <nazwisko>Zych</nazwisko>
    <nazwisko>Chrzanowski</nazwisko>
    <nazwisko>Bednarski</nazwisko>
    <nazwisko>Lisowski</nazwisko>
    <nazwisko>Bednarz</nazwisko>
    <nazwisko>Pluta</nazwisko>
    <nazwisko>Janiszewski</nazwisko>
    <nazwisko>Kasprzyk</nazwisko>
    <nazwisko>Świderski</nazwisko>
    <nazwisko>Kwiecień</nazwisko>
    <nazwisko>Białek</nazwisko>
    <nazwisko>Kuczyński</nazwisko>
    <nazwisko>Muszyński</nazwisko>
    <nazwisko>Marczak</nazwisko>
    <nazwisko>Czech</nazwisko>
    <nazwisko>Witek</nazwisko>
    <nazwisko>Jędrzejewski</nazwisko>
    <nazwisko>Morawski</nazwisko>
    <nazwisko>Paluch</nazwisko>
    <nazwisko>Grzybowski</nazwisko>
    <nazwisko>Turek</nazwisko>
    <nazwisko>Czaja</nazwisko>
    <nazwisko>Dębski</nazwisko>
    <nazwisko>Żukowski</nazwisko>
    <nazwisko>Cieślik</nazwisko>
    <nazwisko>Kaczor</nazwisko>
    <nazwisko>Marzec</nazwisko>
    <nazwisko>Chmiel</nazwisko>
    <nazwisko>Małek</nazwisko>
    <nazwisko>Osiński</nazwisko>
    <nazwisko>Kubicki</nazwisko>
    <nazwisko>Piekarski</nazwisko>
    <nazwisko>Szczęsny</nazwisko>
    <nazwisko>Krzemiński</nazwisko>
    <nazwisko>Śliwa</nazwisko>
    <nazwisko>Janowski</nazwisko>
    <nazwisko>Stefaniak</nazwisko>
    <nazwisko>Przybysz</nazwisko>
    <nazwisko>Biernacki</nazwisko>
    <nazwisko>Gołębiewski</nazwisko>
    <nazwisko>Michałowski</nazwisko>
    <nazwisko>Kulesza</nazwisko>
    <nazwisko>Lech</nazwisko>
    <nazwisko>Szydłowski</nazwisko>
    <nazwisko>Smoliński</nazwisko>
    <nazwisko>Kacprzak</nazwisko>
    <nazwisko>Czyż</nazwisko>
    <nazwisko>Lewicki</nazwisko>
    <nazwisko>Staniszewski</nazwisko>
    <nazwisko>Kujawa</nazwisko>
    <nazwisko>Augustyniak</nazwisko>
    <nazwisko>Niemiec</nazwisko>
    <nazwisko>Murawski</nazwisko>
    <nazwisko>Popławski</nazwisko>
    <nazwisko>Rak</nazwisko>
    <nazwisko>Rudnicki</nazwisko>
    <nazwisko>Pietrzyk</nazwisko>
    <nazwisko>Góra</nazwisko>
    <nazwisko>Żurek</nazwisko>
    <nazwisko>Banach</nazwisko>
    <nazwisko>Piątkowski</nazwisko>
    <nazwisko>Serafin</nazwisko>
    <nazwisko>Matysiak</nazwisko>
    <nazwisko>Górny</nazwisko>
    <nazwisko>Sowiński</nazwisko>
    <nazwisko>Gołębiowski</nazwisko>
    <nazwisko>Stachowiak</nazwisko>
    <nazwisko>Karczewski</nazwisko>
    <nazwisko>Banaś</nazwisko>
    <nazwisko>Podgórski</nazwisko>
    <nazwisko>Zawada</nazwisko>
    <nazwisko>Klimczak</nazwisko>
    <nazwisko>Rosiński</nazwisko>
    <nazwisko>Drozd</nazwisko>
    <nazwisko>Żurawski</nazwisko>
    <nazwisko>Bieniek</nazwisko>
    <nazwisko>Cybulski</nazwisko>
    <nazwisko>Górka</nazwisko>
    <nazwisko>Gruszka</nazwisko>
    <nazwisko>Godlewski</nazwisko>
    <nazwisko>Przybyła</nazwisko>
    <nazwisko>Kuś</nazwisko>
    <nazwisko>Skrzypczak</nazwisko>
    <nazwisko>Cichoń</nazwisko>
    <nazwisko>Grochowski</nazwisko>
    <nazwisko>Komorowski</nazwisko>
    <nazwisko>Cichocki</nazwisko>
    <nazwisko>Krawiec</nazwisko>
    <nazwisko>Ptak</nazwisko>
    <nazwisko>Panek</nazwisko>
    <nazwisko>Siwek</nazwisko>
    <nazwisko>Niewiadomski</nazwisko>
    <nazwisko>Gil</nazwisko>
    <nazwisko>Kulik</nazwisko>
    <nazwisko>Różański</nazwisko>
</XOM-nazwisko-m>