<XOM-nazwisko-k>
    <nazwisko>Nowak</nazwisko>
    <nazwisko>Kowalska</nazwisko>
    <nazwisko>Wiśniewska</nazwisko>
    <nazwisko>Wójcik</nazwisko>
    <nazwisko>Kowalczyk</nazwisko>
    <nazwisko>Kamińska</nazwisko>
    <nazwisko>Lewandowska</nazwisko>
    <nazwisko>Dąbrowska</nazwisko>
    <nazwisko>Zielińska</nazwisko>
    <nazwisko>Szymańska</nazwisko>
    <nazwisko>Woźniak</nazwisko>
    <nazwisko>Kozłowska</nazwisko>
    <nazwisko>Jankowska</nazwisko>
    <nazwisko>Kwiatkowska</nazwisko>
    <nazwisko>Wojciechowska</nazwisko>
    <nazwisko>Mazur</nazwisko>
    <nazwisko>Krawczyk</nazwisko>
    <nazwisko>Piotrowska</nazwisko>
    <nazwisko>Kaczmarek</nazwisko>
    <nazwisko>Grabowska</nazwisko>
    <nazwisko>Pawłowska</nazwisko>
    <nazwisko>Michalska</nazwisko>
    <nazwisko>Zając</nazwisko>
    <nazwisko>Król</nazwisko>
    <nazwisko>Nowakowska</nazwisko>
    <nazwisko>Wieczorek</nazwisko>
    <nazwisko>Jabłońska</nazwisko>
    <nazwisko>Wróbel</nazwisko>
    <nazwisko>Adamczyk</nazwisko>
    <nazwisko>Majewska</nazwisko>
    <nazwisko>Dudek</nazwisko>
    <nazwisko>Nowicka</nazwisko>
    <nazwisko>Olszewska</nazwisko>
    <nazwisko>Jaworska</nazwisko>
    <nazwisko>Malinowska</nazwisko>
    <nazwisko>Stępień</nazwisko>
    <nazwisko>Górska</nazwisko>
    <nazwisko>Pawlak</nazwisko>
    <nazwisko>Witkowska</nazwisko>
    <nazwisko>Walczak</nazwisko>
    <nazwisko>Rutkowska</nazwisko>
    <nazwisko>Sikora</nazwisko>
    <nazwisko>Michalak</nazwisko>
    <nazwisko>Szewczyk</nazwisko>
    <nazwisko>Ostrowska</nazwisko>
    <nazwisko>Baran</nazwisko>
    <nazwisko>Tomaszewska</nazwisko>
    <nazwisko>Pietrzak</nazwisko>
    <nazwisko>Wróblewska</nazwisko>
    <nazwisko>Zalewska</nazwisko>
    <nazwisko>Marciniak</nazwisko>
    <nazwisko>Jasińska</nazwisko>
    <nazwisko>Duda</nazwisko>
    <nazwisko>Jakubowska</nazwisko>
    <nazwisko>Zawadzka</nazwisko>
    <nazwisko>Sadowska</nazwisko>
    <nazwisko>Bąk</nazwisko>
    <nazwisko>Włodarczyk</nazwisko>
    <nazwisko>Chmielewska</nazwisko>
    <nazwisko>Borkowska</nazwisko>
    <nazwisko>Wilk</nazwisko>
    <nazwisko>Sokołowska</nazwisko>
    <nazwisko>Szczepańska</nazwisko>
    <nazwisko>Sawicka</nazwisko>
    <nazwisko>Kucharska</nazwisko>
    <nazwisko>Lis</nazwisko>
    <nazwisko>Maciejewska</nazwisko>
    <nazwisko>Kubiak</nazwisko>
    <nazwisko>Czarnecka</nazwisko>
    <nazwisko>Kalinowska</nazwisko>
    <nazwisko>Mazurek</nazwisko>
    <nazwisko>Wysocka</nazwisko>
    <nazwisko>Urbańska</nazwisko>
    <nazwisko>Kołodziej</nazwisko>
    <nazwisko>Kaźmierczak</nazwisko>
    <nazwisko>Sobczak</nazwisko>
    <nazwisko>Głowacka</nazwisko>
    <nazwisko>Krajewska</nazwisko>
    <nazwisko>Zakrzewska</nazwisko>
    <nazwisko>Sikorska</nazwisko>
    <nazwisko>Adamska</nazwisko>
    <nazwisko>Wasilewska</nazwisko>
    <nazwisko>Krupa</nazwisko>
    <nazwisko>Ziółkowska</nazwisko>
    <nazwisko>Gajewska</nazwisko>
    <nazwisko>Laskowska</nazwisko>
    <nazwisko>Makowska</nazwisko>
    <nazwisko>Szulc</nazwisko>
    <nazwisko>Czerwińska</nazwisko>
    <nazwisko>Szymczak</nazwisko>
    <nazwisko>Przybylska</nazwisko>
    <nazwisko>Brzezińska</nazwisko>
    <nazwisko>Mróz</nazwisko>
    <nazwisko>Baranowska</nazwisko>
    <nazwisko>Błaszczyk</nazwisko>
    <nazwisko>Andrzejewska</nazwisko>
    <nazwisko>Kaczmarczyk</nazwisko>
    <nazwisko>Borowska</nazwisko>
    <nazwisko>Cieślak</nazwisko>
    <nazwisko>Górecka</nazwisko>
    <nazwisko>Chojnacka</nazwisko>
    <nazwisko>Kania</nazwisko>
    <nazwisko>Leszczyńska</nazwisko>
    <nazwisko>Szczepaniak</nazwisko>
    <nazwisko>Wesołowska</nazwisko>
    <nazwisko>Janik</nazwisko>
    <nazwisko>Lipińska</nazwisko>
    <nazwisko>Kowalewska</nazwisko>
    <nazwisko>Konieczna</nazwisko>
    <nazwisko>Mikołajczyk</nazwisko>
    <nazwisko>Kozak</nazwisko>
    <nazwisko>Mucha</nazwisko>
    <nazwisko>Domańska</nazwisko>
    <nazwisko>Kozioł</nazwisko>
    <nazwisko>Nowacka</nazwisko>
    <nazwisko>Jarosz</nazwisko>
    <nazwisko>Ciesielska</nazwisko>
    <nazwisko>Kowalik</nazwisko>
    <nazwisko>Kołodziejczyk</nazwisko>
    <nazwisko>Markowska</nazwisko>
    <nazwisko>Musiał</nazwisko>
    <nazwisko>Zięba</nazwisko>
    <nazwisko>Brzozowska</nazwisko>
    <nazwisko>Tomczyk</nazwisko>
    <nazwisko>Orłowska</nazwisko>
    <nazwisko>Tomczak</nazwisko>
    <nazwisko>Markiewicz</nazwisko>
    <nazwisko>Pawlik</nazwisko>
    <nazwisko>Piątek</nazwisko>
    <nazwisko>Kurek</nazwisko>
    <nazwisko>Kopeć</nazwisko>
    <nazwisko>Żak</nazwisko>
    <nazwisko>Wawrzyniak</nazwisko>
    <nazwisko>Urbaniak</nazwisko>
    <nazwisko>Czajkowska</nazwisko>
    <nazwisko>Wolska</nazwisko>
    <nazwisko>Kot</nazwisko>
    <nazwisko>Stankiewicz</nazwisko>
    <nazwisko>Polak</nazwisko>
    <nazwisko>Wójtowicz</nazwisko>
    <nazwisko>Nawrocka</nazwisko>
    <nazwisko>Kruk</nazwisko>
    <nazwisko>Jastrzębska</nazwisko>
    <nazwisko>Łuczak</nazwisko>
    <nazwisko>Wierzbicka</nazwisko>
    <nazwisko>Stasiak</nazwisko>
    <nazwisko>Dziedzic</nazwisko>
    <nazwisko>Sowa</nazwisko>
    <nazwisko>Karpińska</nazwisko>
    <nazwisko>Piasecka</nazwisko>
    <nazwisko>Bednarek</nazwisko>
    <nazwisko>Janicka</nazwisko>
    <nazwisko>Stefańska</nazwisko>
    <nazwisko>Gajda</nazwisko>
    <nazwisko>Klimek</nazwisko>
    <nazwisko>Sosnowska</nazwisko>
    <nazwisko>Bielecka</nazwisko>
    <nazwisko>Dobrowolska</nazwisko>
    <nazwisko>Urban</nazwisko>
    <nazwisko>Jóźwiak</nazwisko>
    <nazwisko>Milewska</nazwisko>
    <nazwisko>Majchrzak</nazwisko>
    <nazwisko>Madej</nazwisko>
    <nazwisko>Maj</nazwisko>
    <nazwisko>Małecka</nazwisko>
    <nazwisko>Śliwińska</nazwisko>
    <nazwisko>Leśniak</nazwisko>
    <nazwisko>Domagała</nazwisko>
    <nazwisko>Kowal</nazwisko>
    <nazwisko>Socha</nazwisko>
    <nazwisko>Skiba</nazwisko>
    <nazwisko>Marek</nazwisko>
    <nazwisko>Bednarczyk</nazwisko>
    <nazwisko>Romanowska</nazwisko>
    <nazwisko>Wrona</nazwisko>
    <nazwisko>Matuszewska</nazwisko>
    <nazwisko>Wilczyńska</nazwisko>
    <nazwisko>Olejniczak</nazwisko>
    <nazwisko>Ratajczak</nazwisko>
    <nazwisko>Kasprzak</nazwisko>
    <nazwisko>Michalik</nazwisko>
    <nazwisko>Pająk</nazwisko>
    <nazwisko>Owczarek</nazwisko>
    <nazwisko>Świątek</nazwisko>
    <nazwisko>Orzechowska</nazwisko>
    <nazwisko>Kurowska</nazwisko>
    <nazwisko>Sobolewska</nazwisko>
    <nazwisko>Grzelak</nazwisko>
    <nazwisko>Mazurkiewicz</nazwisko>
    <nazwisko>Olejnik</nazwisko>
    <nazwisko>Bukowska</nazwisko>
    <nazwisko>Barańska</nazwisko>
    <nazwisko>Rogowska</nazwisko>
    <nazwisko>Kędzierska</nazwisko>
    <nazwisko>Łukasik</nazwisko>
    <nazwisko>Matusiak</nazwisko>
    <nazwisko>Kosińska</nazwisko>
    <nazwisko>Skowrońska</nazwisko>
    <nazwisko>Marcinkowska</nazwisko>
    <nazwisko>Bednarska</nazwisko>
    <nazwisko>Janiszewska</nazwisko>
    <nazwisko>Sobczyk</nazwisko>
    <nazwisko>Rybak</nazwisko>
    <nazwisko>Chrzanowska</nazwisko>
    <nazwisko>Marszałek</nazwisko>
    <nazwisko>Sroka</nazwisko>
    <nazwisko>Lisowska</nazwisko>
    <nazwisko>Kozieł</nazwisko>
    <nazwisko>Świderska</nazwisko>
    <nazwisko>Morawska</nazwisko>
    <nazwisko>Czajka</nazwisko>
    <nazwisko>Zych</nazwisko>
    <nazwisko>Czech</nazwisko>
    <nazwisko>Muszyńska</nazwisko>
    <nazwisko>Kuczyńska</nazwisko>
    <nazwisko>Kasprzyk</nazwisko>
    <nazwisko>Grzybowska</nazwisko>
    <nazwisko>Bednarz</nazwisko>
    <nazwisko>Osińska</nazwisko>
    <nazwisko>Kwiecień</nazwisko>
    <nazwisko>Pluta</nazwisko>
    <nazwisko>Jędrzejewska</nazwisko>
    <nazwisko>Małek</nazwisko>
    <nazwisko>Marczak</nazwisko>
    <nazwisko>Białek</nazwisko>
    <nazwisko>Chmiel</nazwisko>
    <nazwisko>Czaja</nazwisko>
    <nazwisko>Paluch</nazwisko>
    <nazwisko>Krzemińska</nazwisko>
    <nazwisko>Michałowska</nazwisko>
    <nazwisko>Witek</nazwisko>
    <nazwisko>Cieślik</nazwisko>
    <nazwisko>Dębska</nazwisko>
    <nazwisko>Kubicka</nazwisko>
    <nazwisko>Turek</nazwisko>
    <nazwisko>Żukowska</nazwisko>
    <nazwisko>Marzec</nazwisko>
    <nazwisko>Janowska</nazwisko>
    <nazwisko>Piekarska</nazwisko>
    <nazwisko>Biernacka</nazwisko>
    <nazwisko>Kaczor</nazwisko>
    <nazwisko>Stefaniak</nazwisko>
    <nazwisko>Szydłowska</nazwisko>
    <nazwisko>Staniszewska</nazwisko>
    <nazwisko>Lewicka</nazwisko>
    <nazwisko>Przybysz</nazwisko>
    <nazwisko>Rudnicka</nazwisko>
    <nazwisko>Lech</nazwisko>
    <nazwisko>Gołębiewska</nazwisko>
    <nazwisko>Popławska</nazwisko>
    <nazwisko>Augustyniak</nazwisko>
    <nazwisko>Śliwa</nazwisko>
    <nazwisko>Niemiec</nazwisko>
    <nazwisko>Podgórska</nazwisko>
    <nazwisko>Smolińska</nazwisko>
    <nazwisko>Murawska</nazwisko>
    <nazwisko>Kacprzak</nazwisko>
    <nazwisko>Kulesza</nazwisko>
    <nazwisko>Czyż</nazwisko>
    <nazwisko>Kujawa</nazwisko>
    <nazwisko>Piątkowska</nazwisko>
    <nazwisko>Pietrzyk</nazwisko>
    <nazwisko>Stachowiak</nazwisko>
    <nazwisko>Gołębiowska</nazwisko>
    <nazwisko>Żurek</nazwisko>
    <nazwisko>Sowińska</nazwisko>
    <nazwisko>Serafin</nazwisko>
    <nazwisko>Góra</nazwisko>
    <nazwisko>Matysiak</nazwisko>
    <nazwisko>Karczewska</nazwisko>
    <nazwisko>Banach</nazwisko>
    <nazwisko>Rosińska</nazwisko>
    <nazwisko>Klimczak</nazwisko>
    <nazwisko>Banaś</nazwisko>
    <nazwisko>Cybulska</nazwisko>
    <nazwisko>Komorowska</nazwisko>
    <nazwisko>Rak</nazwisko>
    <nazwisko>Godlewska</nazwisko>
    <nazwisko>Bieniek</nazwisko>
    <nazwisko>Żurawska</nazwisko>
    <nazwisko>Zawada</nazwisko>
    <nazwisko>Gruszka</nazwisko>
    <nazwisko>Grochowska</nazwisko>
    <nazwisko>Skrzypczak</nazwisko>
    <nazwisko>Szczęsna</nazwisko>
    <nazwisko>Cichocka</nazwisko>
    <nazwisko>Przybyła</nazwisko>
    <nazwisko>Drozd</nazwisko>
    <nazwisko>Cichoń</nazwisko>
    <nazwisko>Kuś</nazwisko>
    <nazwisko>Różańska</nazwisko>
    <nazwisko>Górka</nazwisko>
    <nazwisko>Niewiadomska</nazwisko>
    <nazwisko>Winiarska</nazwisko>
    <nazwisko>Kulik</nazwisko>
    <nazwisko>Panek</nazwisko>
    <nazwisko>Krzyżanowska</nazwisko>
    <nazwisko>Krawiec</nazwisko>
    <nazwisko>Mielczarek</nazwisko>
    <nazwisko>Siwek</nazwisko>
</XOM-nazwisko-k>