<XOM-imie-m>
    <imie>Antoni</imie>
    <imie>Jan</imie>
    <imie>Jakub</imie>
    <imie>Aleksander</imie>
    <imie>Szymon</imie>
    <imie>Franciszek</imie>
    <imie>Filip</imie>
    <imie>Mikołaj</imie>
    <imie>Wojciech</imie>
    <imie>Adam</imie>
    <imie>Kacper</imie>
    <imie>Stanisław</imie>
    <imie>Marcel</imie>
    <imie>Leon</imie>
    <imie>Michał</imie>
    <imie>Nikodem</imie>
    <imie>Tymon</imie>
    <imie>Ignacy</imie>
    <imie>Wiktor</imie>
    <imie>Igor</imie>
    <imie>Oliwier</imie>
    <imie>Piotr</imie>
    <imie>Maksymilian</imie>
    <imie>Miłosz</imie>
    <imie>Tymoteusz</imie>
    <imie>Bartosz</imie>
    <imie>Oskar</imie>
    <imie>Mateusz</imie>
    <imie>Julian</imie>
    <imie>Dawid</imie>
    <imie>Krzysztof</imie>
    <imie>Alan</imie>
    <imie>Karol</imie>
    <imie>Tomasz</imie>
    <imie>Dominik</imie>
    <imie>Gabriel</imie>
    <imie>Hubert</imie>
    <imie>Maciej</imie>
    <imie>Fabian</imie>
    <imie>Paweł</imie>
    <imie>Bruno</imie>
    <imie>Natan</imie>
    <imie>Borys</imie>
    <imie>Kamil</imie>
    <imie>Ksawery</imie>
    <imie>Bartłomiej</imie>
    <imie>Kajetan</imie>
    <imie>Artur</imie>
    <imie>Patryk</imie>
    <imie>Adrian</imie>
    <imie>Sebastian</imie>
    <imie>Olaf</imie>
    <imie>Kuba</imie>
    <imie>Tadeusz</imie>
    <imie>Cezary</imie>
    <imie>Grzegorz</imie>
    <imie>Krystian</imie>
    <imie>Daniel</imie>
    <imie>Witold</imie>
    <imie>Eryk</imie>
    <imie>Kornel</imie>
    <imie>Henryk</imie>
    <imie>Łukasz</imie>
    <imie>Józef</imie>
    <imie>Marcin</imie>
    <imie>Jerzy</imie>
    <imie>Błażej</imie>
    <imie>Milan</imie>
    <imie>Kazimierz</imie>
    <imie>Olivier</imie>
    <imie>Mieszko</imie>
    <imie>Rafał</imie>
    <imie>Tobiasz</imie>
    <imie>Leonard</imie>
    <imie>Damian</imie>
    <imie>Emil</imie>
    <imie>Stefan</imie>
    <imie>Robert</imie>
    <imie>Teodor</imie>
    <imie>Konstanty</imie>
    <imie>Przemysław</imie>
    <imie>Radosław</imie>
    <imie>Alex</imie>
    <imie>Aleks</imie>
    <imie>Konrad</imie>
    <imie>Ryszard</imie>
    <imie>Gustaw</imie>
    <imie>Nataniel</imie>
    <imie>Marek</imie>
    <imie>Leo</imie>
    <imie>Juliusz</imie>
    <imie>Jeremi</imie>
    <imie>Alexander</imie>
    <imie>Feliks</imie>
    <imie>Gracjan</imie>
    <imie>Arkadiusz</imie>
    <imie>Andrzej</imie>
    <imie>Albert</imie>
    <imie>Remigiusz</imie>
    <imie>Iwo</imie>
    <imie>Florian</imie>
    <imie>Jacek</imie>
    <imie>Dorian</imie>
    <imie>Kordian</imie>
    <imie>Jędrzej</imie>
    <imie>Ludwik</imie>
    <imie>Maksym</imie>
    <imie>Seweryn</imie>
    <imie>Brajan</imie>
    <imie>Oliver</imie>
    <imie>Samuel</imie>
    <imie>Hugo</imie>
    <imie>Lucjan</imie>
    <imie>Dariusz</imie>
    <imie>Norbert</imie>
    <imie>Władysław</imie>
    <imie>Ernest</imie>
    <imie>David</imie>
    <imie>Aleksy</imie>
    <imie>Edward</imie>
    <imie>Beniamin</imie>
    <imie>Fryderyk</imie>
    <imie>Maurycy</imie>
    <imie>Aron</imie>
    <imie>Olgierd</imie>
    <imie>Tytus</imie>
    <imie>Jeremiasz</imie>
    <imie>Mark</imie>
    <imie>Cyprian</imie>
    <imie>Roman</imie>
    <imie>Zbigniew</imie>
    <imie>Szczepan</imie>
    <imie>Joachim</imie>
    <imie>Marceli</imie>
    <imie>Oktawian</imie>
    <imie>Brunon</imie>
    <imie>Maximilian</imie>
    <imie>Sylwester</imie>
    <imie>Denis</imie>
    <imie>Maks</imie>
    <imie>Bogdan</imie>
    <imie>Mariusz</imie>
    <imie>Kosma</imie>
    <imie>Liam</imie>
    <imie>Vincent</imie>
    <imie>Max</imie>
    <imie>Ziemowit</imie>
    <imie>Nicolas</imie>
    <imie>Oliwer</imie>
    <imie>Emilian</imie>
    <imie>Kevin</imie>
    <imie>Gniewomir</imie>
    <imie>Ksawier</imie>
    <imie>Wincenty</imie>
    <imie>Oscar</imie>
    <imie>Gniewko</imie>
    <imie>Miron</imie>
    <imie>Jonasz</imie>
    <imie>Nathan</imie>
    <imie>Nikolas</imie>
    <imie>Viktor</imie>
    <imie>Zachary</imie>
    <imie>Leszek</imie>
    <imie>Kaspian</imie>
    <imie>Benjamin</imie>
    <imie>Bernard</imie>
    <imie>Roch</imie>
    <imie>Kasjan</imie>
    <imie>Victor</imie>
    <imie>Mirosław</imie>
    <imie>Leonardo</imie>
    <imie>Oleg</imie>
    <imie>Czesław</imie>
    <imie>Jonatan</imie>
    <imie>Leopold</imie>
    <imie>Korneliusz</imie>
    <imie>Artem</imie>
    <imie>Bolesław</imie>
    <imie>Martin</imie>
    <imie>Mieczysław</imie>
    <imie>Aaron</imie>
    <imie>Bogusław</imie>
    <imie>Amadeusz</imie>
    <imie>Sergiusz</imie>
    <imie>Wincent</imie>
    <imie>Sławomir</imie>
    <imie>Krzesimir</imie>
    <imie>Eliasz</imie>
    <imie>Xavier</imie>
    <imie>Jarosław</imie>
    <imie>Franek</imie>
    <imie>Michael</imie>
    <imie>Nathaniel</imie>
    <imie>Olek</imie>
    <imie>Teo</imie>
    <imie>Emanuel</imie>
    <imie>Zygmunt</imie>
    <imie>Bogumił</imie>
    <imie>Nikita</imie>
    <imie>Anatol</imie>
    <imie>William</imie>
    <imie>Ivo</imie>
    <imie>Maxymilian</imie>
    <imie>Antonio</imie>
    <imie>Colin</imie>
    <imie>Felicjan</imie>
    <imie>Alek</imie>
    <imie>Ireneusz</imie>
    <imie>Klemens</imie>
    <imie>Noe</imie>
    <imie>Noah</imie>
    <imie>Ivan</imie>
    <imie>Daniil</imie>
    <imie>Edmund</imie>
    <imie>Henry</imie>
    <imie>Kryspin</imie>
    <imie>Anthony</imie>
    <imie>Janusz</imie>
    <imie>Marian</imie>
    <imie>Anton</imie>
    <imie>Timur</imie>
    <imie>Gniewosz</imie>
    <imie>Benedykt</imie>
    <imie>Theo</imie>
    <imie>Hektor</imie>
    <imie>Kai</imie>
    <imie>Gerard</imie>
    <imie>Kasper</imie>
    <imie>Brayan</imie>
    <imie>August</imie>
    <imie>Thomas</imie>
    <imie>Bronisław</imie>
    <imie>Felix</imie>
    <imie>Louis</imie>
    <imie>Lukas</imie>
    <imie>Augustyn</imie>
    <imie>Wit</imie>
    <imie>Bartek</imie>
    <imie>Zachariasz</imie>
    <imie>Dylan</imie>
    <imie>Lev</imie>
    <imie>Orest</imie>
    <imie>Erwin</imie>
    <imie>Erik</imie>
    <imie>Lucas</imie>
    <imie>Armin</imie>
    <imie>Kewin</imie>
    <imie>Maksim</imie>
    <imie>Andrii</imie>
    <imie>Maxim</imie>
    <imie>Noel</imie>
    <imie>Iwan</imie>
    <imie>Simon</imie>
    <imie>Lew</imie>
    <imie>Antek</imie>
    <imie>Rafael</imie>
    <imie>Sambor</imie>
    <imie>Oleksandr</imie>
    <imie>Dominic</imie>
    <imie>Mateo</imie>
    <imie>Luis</imie>
    <imie>Dmytro</imie>
    <imie>Matvii</imie>
    <imie>Cyryl</imie>
    <imie>Makar</imie>
    <imie>Vladyslav</imie>
    <imie>Philip</imie>
    <imie>Wojtek</imie>
    <imie>Ariel</imie>
    <imie>Jacob</imie>
    <imie>Diego</imie>
    <imie>Klaudiusz</imie>
    <imie>Patrick</imie>
    <imie>Karim</imie>
    <imie>Luka</imie>
    <imie>Hieronim</imie>
    <imie>Joel</imie>
    <imie>Amir</imie>
    <imie>Niko</imie>
    <imie>Radomir</imie>
    <imie>Serafin</imie>
    <imie>Matteo</imie>
    <imie>Arthur</imie>
    <imie>Harry</imie>
    <imie>Markus</imie>
    <imie>Danylo</imie>
    <imie>Axel</imie>
    <imie>Edgar</imie>
    <imie>Aleksandr</imie>
    <imie>Damir</imie>
    <imie>Itan</imie>
    <imie>Kilian</imie>
    <imie>Makary</imie>
    <imie>Kaj</imie>
    <imie>Nazar</imie>
    <imie>Marko</imie>
    <imie>Bastian</imie>
    <imie>Tymofii</imie>
    <imie>Xawery</imie>
    <imie>Włodzimierz</imie>
</XOM-imie-m>